[
    {
        "notices": [
            "601eb9c5fb52c91f1f1f47b5",
            "601eb9c5fb52c91f1f1f47b6",
            "601eb9c5fb52c91f1f1f47b7",
            "601eb9c5fb52c91f1f1f47b8",
            "601eb9c5fb52c91f1f1f47b9",
            "601eb9c5fb52c91f1f1f47ba",
            "601eb9c5fb52c91f1f1f47bb",
            "601eb9c5fb52c91f1f1f47bc",
            "601eb9c5fb52c91f1f1f47bd",
            "601eb9c5fb52c91f1f1f47be",
            "601eb9c5fb52c91f1f1f47bf",
            "601eb9c5fb52c91f1f1f47c0",
            "601eb9c5fb52c91f1f1f47c1",
            "601eb9c5fb52c91f1f1f47c2",
            "601eb9c5fb52c91f1f1f47c3",
            "601eb9c5fb52c91f1f1f47c4",
            "601eb9c5fb52c91f1f1f47c5",
            "601eb9c5fb52c91f1f1f47c6",
            "601eb9c5fb52c91f1f1f47c7",
            "601eb9c5fb52c91f1f1f47c8",
            "601eb9c5fb52c91f1f1f47c9",
            "601eb9c5fb52c91f1f1f47ca",
            "601eb9c5fb52c91f1f1f47cb",
            "601eb9c5fb52c91f1f1f47cc",
            "601eb9c5fb52c91f1f1f47cd",
            "601eb9c5fb52c91f1f1f47ce",
            "601eb9c5fb52c91f1f1f47cf",
            "601eb9c5fb52c91f1f1f47d0",
            "601eb9c5fb52c91f1f1f47d1",
            "601eb9c5fb52c91f1f1f47d2",
            "601eb9c5fb52c91f1f1f47d3",
            "601eb9c5fb52c91f1f1f47d4",
            "601eb9c5fb52c91f1f1f47d5",
            "601eb9c5fb52c91f1f1f47d6",
            "601eb9c5fb52c91f1f1f47d7",
            "601eb9c5fb52c91f1f1f47d8",
            "601eb9c5fb52c91f1f1f47d9",
            "601eb9c5fb52c91f1f1f47da",
            "601eb9c5fb52c91f1f1f47db",
            "601eb9c5fb52c91f1f1f47dc",
            "601eb9c5fb52c91f1f1f47dd",
            "601eb9c5fb52c91f1f1f47de",
            "601eb9c5fb52c91f1f1f47df",
            "601eb9c5fb52c91f1f1f47e0",
            "601eb9c5fb52c91f1f1f47e1",
            "601eb9c5fb52c91f1f1f47e2",
            "601eb9c5fb52c91f1f1f47e3",
            "601eb9c5fb52c91f1f1f47e4",
            "601eb9c5fb52c91f1f1f47e5",
            "601eb9c5fb52c91f1f1f47e6",
            "601eb9c5fb52c91f1f1f47e7",
            "601eb9c5fb52c91f1f1f47e8",
            "601eb9c5fb52c91f1f1f47e9",
            "601eb9c5fb52c91f1f1f47ea",
            "601eb9c5fb52c91f1f1f47eb",
            "601eb9c5fb52c91f1f1f47ec",
            "601eb9c5fb52c91f1f1f47ed",
            "601eb9c5fb52c91f1f1f47ee",
            "601eb9c5fb52c91f1f1f47ef",
            "601eb9c5fb52c91f1f1f47f0",
            "601eb9c5fb52c91f1f1f47f1",
            "601eb9c5fb52c91f1f1f47f2",
            "601eb9c5fb52c91f1f1f47f3",
            "601eb9c5fb52c91f1f1f47f4",
            "601eb9c5fb52c91f1f1f47f5"
        ],
        "series": [
            "01 - ",
            "02 - Châteaux",
            "03 - Ville"
        ],
        "idcollections": "601eb9c5fb52c91f1f1f47f6",
        "title": "Cassel",
        "alias": "cassel",
        "description": "Set composé pour la collection Cassel",
        "type": "images",
        "creator": "Gérard Perrier",
        "date": "2021-02-06T13:08:32.619Z",
        "funds": "Gérard Perrier",
        "language": "fr"
    },
    {
        "notices": [
            "6043ebaddcb9f435d90f558a",
            "6043ebaddcb9f435d90f558b",
            "6043ebaddcb9f435d90f558c",
            "6043ebaddcb9f435d90f558d",
            "6043ebaddcb9f435d90f558e",
            "6043ebaddcb9f435d90f558f",
            "6043ebaddcb9f435d90f5590",
            "6043ebaddcb9f435d90f5591",
            "6043ebaddcb9f435d90f5592",
            "6043ebaddcb9f435d90f5593",
            "6043ebaddcb9f435d90f5594",
            "6043ebaddcb9f435d90f5595",
            "6043ebaddcb9f435d90f5596",
            "6043ebaddcb9f435d90f5597",
            "6043ebaddcb9f435d90f5598"
        ],
        "series": [
            "Poissons",
            "côte",
            "Surf",
            "Océan",
            "plage"
        ],
        "idcollections": "6043ebaddcb9f435d90f5599",
        "title": "Ocean",
        "alias": "ocean",
        "description": "Set de vidéos de démo",
        "type": "multimedia",
        "creator": "Gérald Abbadie",
        "date": "2021-03-06T20:42:34.287Z",
        "funds": "inconnu",
        "language": "fr"
    },
    {
        "notices": [
            "60491433dcb9f435d90f55a2",
            "60491433dcb9f435d90f55a3",
            "60491433dcb9f435d90f55a4"
        ],
        "series": [],
        "idcollections": "60491433dcb9f435d90f55a5",
        "title": "Baudelaire",
        "alias": "baudelaire",
        "description": "Set des oeuvres de Charles Baudelaire",
        "type": "multimedia",
        "creator": "Gérald Abbadie",
        "date": "2021-03-10T18:46:27.498Z",
        "funds": "inconnu",
        "language": "fr"
    },
    {
        "notices": [
            "6059133fdcb9f435d90f55b6",
            "6059133fdcb9f435d90f55b7",
            "6059133fdcb9f435d90f55b8",
            "6059133fdcb9f435d90f55b9",
            "6059133fdcb9f435d90f55ba",
            "6059133fdcb9f435d90f55bb",
            "6059133fdcb9f435d90f55bc",
            "6059133fdcb9f435d90f55bd",
            "6059133fdcb9f435d90f55be",
            "6059133fdcb9f435d90f55bf",
            "6059133fdcb9f435d90f55c0",
            "6059133fdcb9f435d90f55c1"
        ],
        "series": [
            "Théâtre",
            "Saisons",
            "Affiches"
        ],
        "idcollections": "60591340dcb9f435d90f55c2",
        "title": "Mucha",
        "alias": "mucha",
        "description": "Numérisations d'estampes d'Alphonse Mucha",
        "type": "multimedia",
        "creator": "Gérald Abbadie",
        "date": "2021-03-11T09:43:19.702Z",
        "funds": "Gallica",
        "language": "fr"
    }
]