[
    {
        "media": {
            "ImageHeight": 2811,
            "ImageSize": "675x675",
            "ImageWidth": 2811,
            "Format": "image/jpeg",
            "url": "Cassel/CAA-I-0061_Defiles_20_juillet_1930_008.jpg",
            "file": "CAA-I-0061_Defiles_20_juillet_1930_008.jpg"
        },
        "dublincore": {
            "title": "Fêtes de Bruges",
            "creator": [
                "DESCAMPS Henri",
                "attribué à"
            ],
            "subject": [
                "Bruges",
                "procession",
                "Saint Sang",
                "fête costumée",
                "défillé"
            ],
            "description": "Défilé en costumes médiévaux, probablement lors de la fête du Saint Sang, à Bruges en 1930",
            "publisher": "SM-GP",
            "format": "image/jpeg",
            "rights": "Sous licence Creative Commons CC BY NC ND\n",
            "identifier": "oai:nemateria.net/1612621778599",
            "date": 1612621778599
        },
        "nemateria": {
            "document": {
                "identifiant_unique": "CAA-I-0061",
                "sourceFile": "/var/www/html/collections/Cassel/CAA-I-0061_Defiles_20_juillet_1930_008.jpg",
                "URL": "Cassel/CAA-I-0061_Defiles_20_juillet_1930_008.jpg",
                "date_creation_original": "01/09/1930",
                "nature_support_original": "Photographie",
                "conservateur_fichiers": "Fonds Gérard Perrier",
                "detenteur_droits": "Fonds Gérard Perrier",
                "date_numerisation": "01/01/2001",
                "conditions_acces": "Creative Commons"
            },
            "collection": {
                "nom_collection": "Cassel",
                "qui_numerise": "Gérard Perrier",
                "proprietaire_originaux": "Fonds Gérard Perrier",
                "conservateur_originaux": "Fonds Gérard Perrier",
                "conservateur_fichiers": "Fonds Gérard Perrier",
                "detenteur_droits": "Fonds Gérard Perrier",
                "gestionnaire_collection": "Fonds Gérard Perrier",
                "fonds": "Gérard Perrier"
            },
            "participants": {
                "participants": "Gérard Perrier (numérisation, édition), Sabine Millecamp (recueil)",
                "editeur_site": "Gérald Abbadie",
                "editeur_oeuvre_source": "Gérard Perrier"
            },
            "serie": {
                "serie": "01 - ",
                "ordre_serie": 0
            }
        },
        "idnotices": "601eb9c5fb52c91f1f1f47ce"
    },
    {
        "media": {
            "ImageHeight": 2811,
            "ImageSize": "675x675",
            "ImageWidth": 2811,
            "Format": "image/jpeg",
            "url": "Cassel/CAA-I-0037_Famille_Cassel_1939_003.jpg",
            "file": "CAA-I-0037_Famille_Cassel_1939_003.jpg"
        },
        "dublincore": {
            "title": "La famille à Cassel",
            "creator": [
                "DESCAMPS Henri ou Gustave",
                "attribué à"
            ],
            "subject": [
                "Descamps",
                "photos de famille",
                "jardin",
                "parc"
            ],
            "description": "Photographies de la famille à Cassel dans le parc d'une maison, à l'occasion d'une réunion ou d'un événement famillial.",
            "publisher": "SM-GP",
            "format": "image/jpeg",
            "rights": "Sous licence Creative Commons CC BY NC ND\n",
            "identifier": "oai:nemateria.net/1612621778599",
            "date": 1612621778599
        },
        "nemateria": {
            "document": {
                "identifiant_unique": "CAA-I-0037",
                "sourceFile": "/var/www/html/collections/Cassel/CAA-I-0037_Famille_Cassel_1939_003.jpg",
                "URL": "Cassel/CAA-I-0037_Famille_Cassel_1939_003.jpg",
                "date_creation_original": "01/09/1930",
                "nature_support_original": "Photographie",
                "conservateur_fichiers": "Fonds Gérard Perrier",
                "detenteur_droits": "Fonds Gérard Perrier",
                "date_numerisation": "01/01/2001",
                "conditions_acces": "Creative Commons"
            },
            "collection": {
                "nom_collection": "Cassel",
                "qui_numerise": "Gérard Perrier",
                "proprietaire_originaux": "Fonds Gérard Perrier",
                "conservateur_originaux": "Fonds Gérard Perrier",
                "conservateur_fichiers": "Fonds Gérard Perrier",
                "detenteur_droits": "Fonds Gérard Perrier",
                "gestionnaire_collection": "Fonds Gérard Perrier",
                "fonds": "Gérard Perrier"
            },
            "participants": {
                "participants": "Gérard Perrier (numérisation, édition), Sabine Millecamp (recueil)",
                "editeur_site": "Gérald Abbadie",
                "editeur_oeuvre_source": "Gérard Perrier"
            },
            "serie": {
                "serie": "01 - ",
                "ordre_serie": 0
            }
        },
        "idnotices": "601eb9c5fb52c91f1f1f47cf"
    },
    {
        "media": {
            "ImageHeight": 2811,
            "ImageSize": "675x675",
            "ImageWidth": 2811,
            "Format": "image/jpeg",
            "url": "Cassel/CAA-I-0047_Famille_Cassel_1939_013.jpg",
            "file": "CAA-I-0047_Famille_Cassel_1939_013.jpg"
        },
        "dublincore": {
            "title": "La famille à Cassel",
            "creator": [
                "DESCAMPS Henri ou Gustave",
                "attribué à"
            ],
            "subject": [
                "Descamps",
                "photos de famille",
                "jardin",
                "parc"
            ],
            "description": "Photographies de la famille à Cassel dans le parc d'une maison, à l'occasion d'une réunion ou d'un événement famillial.",
            "publisher": "SM-GP",
            "format": "image/jpeg",
            "rights": "Sous licence Creative Commons CC BY NC ND\n",
            "identifier": "oai:nemateria.net/1612621778600",
            "date": 1612621778600
        },
        "nemateria": {
            "document": {
                "identifiant_unique": "CAA-I-0047",
                "sourceFile": "/var/www/html/collections/Cassel/CAA-I-0047_Famille_Cassel_1939_013.jpg",
                "URL": "Cassel/CAA-I-0047_Famille_Cassel_1939_013.jpg",
                "date_creation_original": "01/09/1930",
                "nature_support_original": "Photographie",
                "conservateur_fichiers": "Fonds Gérard Perrier",
                "detenteur_droits": "Fonds Gérard Perrier",
                "date_numerisation": "01/01/2001",
                "conditions_acces": "Creative Commons"
            },
            "collection": {
                "nom_collection": "Cassel",
                "qui_numerise": "Gérard Perrier",
                "proprietaire_originaux": "Fonds Gérard Perrier",
                "conservateur_originaux": "Fonds Gérard Perrier",
                "conservateur_fichiers": "Fonds Gérard Perrier",
                "detenteur_droits": "Fonds Gérard Perrier",
                "gestionnaire_collection": "Fonds Gérard Perrier",
                "fonds": "Gérard Perrier"
            },
            "participants": {
                "participants": "Gérard Perrier (numérisation, édition), Sabine Millecamp (recueil)",
                "editeur_site": "Gérald Abbadie",
                "editeur_oeuvre_source": "Gérard Perrier"
            },
            "serie": {
                "serie": "01 - ",
                "ordre_serie": 0
            }
        },
        "idnotices": "601eb9c5fb52c91f1f1f47d0"
    },
    {
        "media": {
            "ImageHeight": 2532,
            "ImageSize": "675x652",
            "ImageWidth": 2622,
            "Format": "image/jpeg",
            "url": "Cassel/CAA-I-0013_Villes_nord_004.jpg",
            "file": "CAA-I-0013_Villes_nord_004.jpg"
        },
        "dublincore": {
            "title": "Bruges",
            "creator": [
                "DESCAMPS Henri",
                "attribué à"
            ],
            "subject": "Bruges",
            "description": "Bruges",
            "publisher": "SM-GP",
            "format": "image/jpeg",
            "rights": "Sous licence Creative Commons CC BY NC ND\n",
            "identifier": "oai:nemateria.net/1612621778600",
            "date": 1612621778600
        },
        "nemateria": {
            "document": {
                "identifiant_unique": "CAA-I-0013",
                "sourceFile": "/var/www/html/collections/Cassel/CAA-I-0013_Villes_nord_004.jpg",
                "URL": "Cassel/CAA-I-0013_Villes_nord_004.jpg",
                "date_creation_original": "01/09/1930",
                "nature_support_original": "Photographie",
                "conservateur_fichiers": "Fonds Gérard Perrier",
                "detenteur_droits": "Fonds Gérard Perrier",
                "date_numerisation": "01/01/2001",
                "conditions_acces": "Creative Commons"
            },
            "collection": {
                "nom_collection": "Cassel",
                "qui_numerise": "Gérard Perrier",
                "proprietaire_originaux": "Fonds Gérard Perrier",
                "conservateur_originaux": "Fonds Gérard Perrier",
                "conservateur_fichiers": "Fonds Gérard Perrier",
                "detenteur_droits": "Fonds Gérard Perrier",
                "gestionnaire_collection": "Fonds Gérard Perrier",
                "fonds": "Gérard Perrier"
            },
            "participants": {
                "participants": "Gérard Perrier (numérisation, édition), Sabine Millecamp (recueil)",
                "editeur_site": "Gérald Abbadie",
                "editeur_oeuvre_source": "Gérard Perrier"
            },
            "serie": {
                "serie": "01 - ",
                "ordre_serie": 0
            }
        },
        "idnotices": "601eb9c5fb52c91f1f1f47d1"
    },
    {
        "media": {
            "ImageHeight": 2811,
            "ImageSize": "675x675",
            "ImageWidth": 2811,
            "Format": "image/jpeg",
            "url": "Cassel/CAA-I-0064_Defiles_20_juillet_1930_011.jpg",
            "file": "CAA-I-0064_Defiles_20_juillet_1930_011.jpg"
        },
        "dublincore": {
            "title": "Fête médiévale de Cassel",
            "creator": [
                "DESCAMPS Henri",
                "attribué à"
            ],
            "subject": [
                "Cassel",
                "procession",
                "fête costumée",
                "défillé",
                "confrérie",
                "archers"
            ],
            "description": "La confrérie des archers lors de la fête médiévale de Cassel le 20 juillet 1930.",
            "publisher": "SM-GP",
            "format": "image/jpeg",
            "rights": "Sous licence Creative Commons CC BY NC ND\n",
            "identifier": "oai:nemateria.net/1612621778601",
            "date": 1612621778601
        },
        "nemateria": {
            "document": {
                "identifiant_unique": "CAA-I-0064",
                "sourceFile": "/var/www/html/collections/Cassel/CAA-I-0064_Defiles_20_juillet_1930_011.jpg",
                "URL": "Cassel/CAA-I-0064_Defiles_20_juillet_1930_011.jpg",
                "date_creation_original": "01/09/1930",
                "nature_support_original": "Photographie",
                "conservateur_fichiers": "Fonds Gérard Perrier",
                "detenteur_droits": "Fonds Gérard Perrier",
                "date_numerisation": "01/01/2001",
                "conditions_acces": "Creative Commons"
            },
            "collection": {
                "nom_collection": "Cassel",
                "qui_numerise": "Gérard Perrier",
                "proprietaire_originaux": "Fonds Gérard Perrier",
                "conservateur_originaux": "Fonds Gérard Perrier",
                "conservateur_fichiers": "Fonds Gérard Perrier",
                "detenteur_droits": "Fonds Gérard Perrier",
                "gestionnaire_collection": "Fonds Gérard Perrier",
                "fonds": "Gérard Perrier"
            },
            "participants": {
                "participants": "Gérard Perrier (numérisation, édition), Sabine Millecamp (recueil)",
                "editeur_site": "Gérald Abbadie",
                "editeur_oeuvre_source": "Gérard Perrier"
            },
            "serie": {
                "serie": "01 - ",
                "ordre_serie": 0
            }
        },
        "idnotices": "601eb9c5fb52c91f1f1f47d2"
    },
    {
        "media": {
            "ImageHeight": 2811,
            "ImageSize": "675x675",
            "ImageWidth": 2811,
            "Format": "image/jpeg",
            "url": "Cassel/CAA-I-0053_Famille_Cassel_1939_001.jpg",
            "file": "CAA-I-0053_Famille_Cassel_1939_001.jpg"
        },
        "dublincore": {
            "title": "La famille à Cassel",
            "creator": [
                "DESCAMPS Henri ou Gustave",
                "attribué à"
            ],
            "subject": [
                "Descamps",
                "photos de famille",
                "jardin",
                "parc"
            ],
            "description": "Photographies de la famille à Cassel dans le parc d'une maison, à l'occasion d'une réunion ou d'un événement famillial.",
            "publisher": "SM-GP",
            "format": "image/jpeg",
            "rights": "Sous licence Creative Commons CC BY NC ND\n",
            "identifier": "oai:nemateria.net/1612621778601",
            "date": 1612621778601
        },
        "nemateria": {
            "document": {
                "identifiant_unique": "CAA-I-0053",
                "sourceFile": "/var/www/html/collections/Cassel/CAA-I-0053_Famille_Cassel_1939_001.jpg",
                "URL": "Cassel/CAA-I-0053_Famille_Cassel_1939_001.jpg",
                "date_creation_original": "01/09/1930",
                "nature_support_original": "Photographie",
                "conservateur_fichiers": "Fonds Gérard Perrier",
                "detenteur_droits": "Fonds Gérard Perrier",
                "date_numerisation": "01/01/2001",
                "conditions_acces": "Creative Commons"
            },
            "collection": {
                "nom_collection": "Cassel",
                "qui_numerise": "Gérard Perrier",
                "proprietaire_originaux": "Fonds Gérard Perrier",
                "conservateur_originaux": "Fonds Gérard Perrier",
                "conservateur_fichiers": "Fonds Gérard Perrier",
                "detenteur_droits": "Fonds Gérard Perrier",
                "gestionnaire_collection": "Fonds Gérard Perrier",
                "fonds": "Gérard Perrier"
            },
            "participants": {
                "participants": "Gérard Perrier (numérisation, édition), Sabine Millecamp (recueil)",
                "editeur_site": "Gérald Abbadie",
                "editeur_oeuvre_source": "Gérard Perrier"
            },
            "serie": {
                "serie": "01 - ",
                "ordre_serie": 0
            }
        },
        "idnotices": "601eb9c5fb52c91f1f1f47d3"
    },
    {
        "media": {
            "ImageHeight": 2688,
            "ImageSize": "675x632",
            "ImageWidth": 2872,
            "Format": "image/jpeg",
            "url": "Cassel/CAA-I-0025_Nuremberg_1933-002.jpg",
            "file": "CAA-I-0025_Nuremberg_1933-002.jpg"
        },
        "dublincore": {
            "title": "Nuremberg",
            "creator": [
                "DESCAMPS Henri",
                "attribué à"
            ],
            "subject": "Nuremberg",
            "description": "Nuremberg",
            "publisher": "SM-GP",
            "format": "image/jpeg",
            "rights": "Sous licence Creative Commons CC BY NC ND\n",
            "identifier": "oai:nemateria.net/1612621778602",
            "date": 1612621778602
        },
        "nemateria": {
            "document": {
                "identifiant_unique": "CAA-I-0025",
                "sourceFile": "/var/www/html/collections/Cassel/CAA-I-0025_Nuremberg_1933-002.jpg",
                "URL": "Cassel/CAA-I-0025_Nuremberg_1933-002.jpg",
                "date_creation_original": "01/09/1930",
                "nature_support_original": "Photographie",
                "conservateur_fichiers": "Fonds Gérard Perrier",
                "detenteur_droits": "Fonds Gérard Perrier",
                "date_numerisation": "01/01/2001",
                "conditions_acces": "Creative Commons"
            },
            "collection": {
                "nom_collection": "Cassel",
                "qui_numerise": "Gérard Perrier",
                "proprietaire_originaux": "Fonds Gérard Perrier",
                "conservateur_originaux": "Fonds Gérard Perrier",
                "conservateur_fichiers": "Fonds Gérard Perrier",
                "detenteur_droits": "Fonds Gérard Perrier",
                "gestionnaire_collection": "Fonds Gérard Perrier",
                "fonds": "Gérard Perrier"
            },
            "participants": {
                "participants": "Gérard Perrier (numérisation, édition), Sabine Millecamp (recueil)",
                "editeur_site": "Gérald Abbadie",
                "editeur_oeuvre_source": "Gérard Perrier"
            },
            "serie": {
                "serie": "01 - ",
                "ordre_serie": 0
            }
        },
        "idnotices": "601eb9c5fb52c91f1f1f47d4"
    },
    {
        "media": {
            "ImageHeight": 2811,
            "ImageSize": "675x675",
            "ImageWidth": 2811,
            "Format": "image/jpeg",
            "url": "Cassel/CAA-I-0063_Defiles_20_juillet_1930_010.jpg",
            "file": "CAA-I-0063_Defiles_20_juillet_1930_010.jpg"
        },
        "dublincore": {
            "title": "Fêtes de Bruges",
            "creator": [
                "DESCAMPS Henri",
                "attribué à"
            ],
            "subject": [
                "Bruges",
                "procession",
                "Saint Sang",
                "fête costumée",
                "défillé"
            ],
            "description": "Défilé en costumes médiévaux, probablement lors de la fête du Saint Sang, à Bruges en 1930",
            "publisher": "SM-GP",
            "format": "image/jpeg",
            "rights": "Sous licence Creative Commons CC BY NC ND\n",
            "identifier": "oai:nemateria.net/1612621778602",
            "date": 1612621778602
        },
        "nemateria": {
            "document": {
                "identifiant_unique": "CAA-I-0063",
                "sourceFile": "/var/www/html/collections/Cassel/CAA-I-0063_Defiles_20_juillet_1930_010.jpg",
                "URL": "Cassel/CAA-I-0063_Defiles_20_juillet_1930_010.jpg",
                "date_creation_original": "01/09/1930",
                "nature_support_original": "Photographie",
                "conservateur_fichiers": "Fonds Gérard Perrier",
                "detenteur_droits": "Fonds Gérard Perrier",
                "date_numerisation": "01/01/2001",
                "conditions_acces": "Creative Commons"
            },
            "collection": {
                "nom_collection": "Cassel",
                "qui_numerise": "Gérard Perrier",
                "proprietaire_originaux": "Fonds Gérard Perrier",
                "conservateur_originaux": "Fonds Gérard Perrier",
                "conservateur_fichiers": "Fonds Gérard Perrier",
                "detenteur_droits": "Fonds Gérard Perrier",
                "gestionnaire_collection": "Fonds Gérard Perrier",
                "fonds": "Gérard Perrier"
            },
            "participants": {
                "participants": "Gérard Perrier (numérisation, édition), Sabine Millecamp (recueil)",
                "editeur_site": "Gérald Abbadie",
                "editeur_oeuvre_source": "Gérard Perrier"
            },
            "serie": {
                "serie": "01 - ",
                "ordre_serie": 0
            }
        },
        "idnotices": "601eb9c5fb52c91f1f1f47d5"
    },
    {
        "media": {
            "ImageHeight": 2811,
            "ImageSize": "675x675",
            "ImageWidth": 2811,
            "Format": "image/jpeg",
            "url": "Cassel/CAA-I-0038_Famille_Cassel_1939_004.jpg",
            "file": "CAA-I-0038_Famille_Cassel_1939_004.jpg"
        },
        "dublincore": {
            "title": "La famille à Cassel",
            "creator": [
                "DESCAMPS Henri ou Gustave",
                "attribué à"
            ],
            "subject": [
                "Descamps",
                "photos de famille",
                "jardin",
                "parc"
            ],
            "description": "Photographies de la famille à Cassel dans le parc d'une maison, à l'occasion d'une réunion ou d'un événement famillial.",
            "publisher": "SM-GP",
            "format": "image/jpeg",
            "rights": "Sous licence Creative Commons CC BY NC ND\n",
            "identifier": "oai:nemateria.net/1612621778603",
            "date": 1612621778603
        },
        "nemateria": {
            "document": {
                "identifiant_unique": "CAA-I-0038",
                "sourceFile": "/var/www/html/collections/Cassel/CAA-I-0038_Famille_Cassel_1939_004.jpg",
                "URL": "Cassel/CAA-I-0038_Famille_Cassel_1939_004.jpg",
                "date_creation_original": "01/09/1930",
                "nature_support_original": "Photographie",
                "conservateur_fichiers": "Fonds Gérard Perrier",
                "detenteur_droits": "Fonds Gérard Perrier",
                "date_numerisation": "01/01/2001",
                "conditions_acces": "Creative Commons"
            },
            "collection": {
                "nom_collection": "Cassel",
                "qui_numerise": "Gérard Perrier",
                "proprietaire_originaux": "Fonds Gérard Perrier",
                "conservateur_originaux": "Fonds Gérard Perrier",
                "conservateur_fichiers": "Fonds Gérard Perrier",
                "detenteur_droits": "Fonds Gérard Perrier",
                "gestionnaire_collection": "Fonds Gérard Perrier",
                "fonds": "Gérard Perrier"
            },
            "participants": {
                "participants": "Gérard Perrier (numérisation, édition), Sabine Millecamp (recueil)",
                "editeur_site": "Gérald Abbadie",
                "editeur_oeuvre_source": "Gérard Perrier"
            },
            "serie": {
                "serie": "01 - ",
                "ordre_serie": 0
            }
        },
        "idnotices": "601eb9c5fb52c91f1f1f47d6"
    },
    {
        "media": {
            "ImageHeight": 2811,
            "ImageSize": "675x675",
            "ImageWidth": 2811,
            "Format": "image/jpeg",
            "url": "Cassel/CAA-I-0070_Defiles_20_juillet_1930_017.jpg",
            "file": "CAA-I-0070_Defiles_20_juillet_1930_017.jpg"
        },
        "dublincore": {
            "title": "Fêtes de Bruges",
            "creator": [
                "DESCAMPS Henri",
                "attribué à"
            ],
            "subject": [
                "Bruges",
                "procession",
                "Saint Sang",
                "fête costumée",
                "défillé"
            ],
            "description": "Défilé en costumes médiévaux, probablement lors de la fête du Saint Sang, à Bruges en 1930",
            "publisher": "SM-GP",
            "format": "image/jpeg",
            "rights": "Sous licence Creative Commons CC BY NC ND\n",
            "identifier": "oai:nemateria.net/1612621778603",
            "date": 1612621778603
        },
        "nemateria": {
            "document": {
                "identifiant_unique": "CAA-I-0070",
                "sourceFile": "/var/www/html/collections/Cassel/CAA-I-0070_Defiles_20_juillet_1930_017.jpg",
                "URL": "Cassel/CAA-I-0070_Defiles_20_juillet_1930_017.jpg",
                "date_creation_original": "01/09/1930",
                "nature_support_original": "Photographie",
                "conservateur_fichiers": "Fonds Gérard Perrier",
                "detenteur_droits": "Fonds Gérard Perrier",
                "date_numerisation": "01/01/2001",
                "conditions_acces": "Creative Commons"
            },
            "collection": {
                "nom_collection": "Cassel",
                "qui_numerise": "Gérard Perrier",
                "proprietaire_originaux": "Fonds Gérard Perrier",
                "conservateur_originaux": "Fonds Gérard Perrier",
                "conservateur_fichiers": "Fonds Gérard Perrier",
                "detenteur_droits": "Fonds Gérard Perrier",
                "gestionnaire_collection": "Fonds Gérard Perrier",
                "fonds": "Gérard Perrier"
            },
            "participants": {
                "participants": "Gérard Perrier (numérisation, édition), Sabine Millecamp (recueil)",
                "editeur_site": "Gérald Abbadie",
                "editeur_oeuvre_source": "Gérard Perrier"
            },
            "serie": {
                "serie": "01 - ",
                "ordre_serie": 0
            }
        },
        "idnotices": "601eb9c5fb52c91f1f1f47d7"
    },
    {
        "media": {
            "ImageHeight": 2811,
            "ImageSize": "675x675",
            "ImageWidth": 2811,
            "Format": "image/jpeg",
            "url": "Cassel/CAA-I-0067_Defiles_20_juillet_1930_014.jpg",
            "file": "CAA-I-0067_Defiles_20_juillet_1930_014.jpg"
        },
        "dublincore": {
            "title": "Fêtes de Bruges",
            "creator": [
                "DESCAMPS Henri",
                "attribué à"
            ],
            "subject": [
                "Bruges",
                "procession",
                "Saint Sang",
                "fête costumée",
                "défillé"
            ],
            "description": "Défilé en costumes médiévaux, probablement lors de la fête du Saint Sang, à Bruges en 1930",
            "publisher": "SM-GP",
            "format": "image/jpeg",
            "rights": "Sous licence Creative Commons CC BY NC ND\n",
            "identifier": "oai:nemateria.net/1612621778603",
            "date": 1612621778603
        },
        "nemateria": {
            "document": {
                "identifiant_unique": "CAA-I-0067",
                "sourceFile": "/var/www/html/collections/Cassel/CAA-I-0067_Defiles_20_juillet_1930_014.jpg",
                "URL": "Cassel/CAA-I-0067_Defiles_20_juillet_1930_014.jpg",
                "date_creation_original": "01/09/1930",
                "nature_support_original": "Photographie",
                "conservateur_fichiers": "Fonds Gérard Perrier",
                "detenteur_droits": "Fonds Gérard Perrier",
                "date_numerisation": "01/01/2001",
                "conditions_acces": "Creative Commons"
            },
            "collection": {
                "nom_collection": "Cassel",
                "qui_numerise": "Gérard Perrier",
                "proprietaire_originaux": "Fonds Gérard Perrier",
                "conservateur_originaux": "Fonds Gérard Perrier",
                "conservateur_fichiers": "Fonds Gérard Perrier",
                "detenteur_droits": "Fonds Gérard Perrier",
                "gestionnaire_collection": "Fonds Gérard Perrier",
                "fonds": "Gérard Perrier"
            },
            "participants": {
                "participants": "Gérard Perrier (numérisation, édition), Sabine Millecamp (recueil)",
                "editeur_site": "Gérald Abbadie",
                "editeur_oeuvre_source": "Gérard Perrier"
            },
            "serie": {
                "serie": "01 - ",
                "ordre_serie": 0
            }
        },
        "idnotices": "601eb9c5fb52c91f1f1f47d8"
    },
    {
        "media": {
            "ImageHeight": 2811,
            "ImageSize": "675x675",
            "ImageWidth": 2811,
            "Format": "image/jpeg",
            "url": "Cassel/CAA-I-0046_Famille_Cassel_1939_012.jpg",
            "file": "CAA-I-0046_Famille_Cassel_1939_012.jpg"
        },
        "dublincore": {
            "title": "La famille à Cassel",
            "creator": [
                "DESCAMPS Henri ou Gustave",
                "attribué à"
            ],
            "subject": [
                "Descamps",
                "photos de famille",
                "jardin",
                "parc"
            ],
            "description": "Photographies de la famille à Cassel dans le parc d'une maison, à l'occasion d'une réunion ou d'un événement famillial.",
            "publisher": "SM-GP",
            "format": "image/jpeg",
            "rights": "Sous licence Creative Commons CC BY NC ND\n",
            "identifier": "oai:nemateria.net/1612621778604",
            "date": 1612621778604
        },
        "nemateria": {
            "document": {
                "identifiant_unique": "CAA-I-0046",
                "sourceFile": "/var/www/html/collections/Cassel/CAA-I-0046_Famille_Cassel_1939_012.jpg",
                "URL": "Cassel/CAA-I-0046_Famille_Cassel_1939_012.jpg",
                "date_creation_original": "01/09/1930",
                "nature_support_original": "Photographie",
                "conservateur_fichiers": "Fonds Gérard Perrier",
                "detenteur_droits": "Fonds Gérard Perrier",
                "date_numerisation": "01/01/2001",
                "conditions_acces": "Creative Commons"
            },
            "collection": {
                "nom_collection": "Cassel",
                "qui_numerise": "Gérard Perrier",
                "proprietaire_originaux": "Fonds Gérard Perrier",
                "conservateur_originaux": "Fonds Gérard Perrier",
                "conservateur_fichiers": "Fonds Gérard Perrier",
                "detenteur_droits": "Fonds Gérard Perrier",
                "gestionnaire_collection": "Fonds Gérard Perrier",
                "fonds": "Gérard Perrier"
            },
            "participants": {
                "participants": "Gérard Perrier (numérisation, édition), Sabine Millecamp (recueil)",
                "editeur_site": "Gérald Abbadie",
                "editeur_oeuvre_source": "Gérard Perrier"
            },
            "serie": {
                "serie": "01 - ",
                "ordre_serie": 0
            }
        },
        "idnotices": "601eb9c5fb52c91f1f1f47d9"
    },
    {
        "media": {
            "ImageHeight": 2703,
            "ImageSize": "675x662",
            "ImageWidth": 2755,
            "Format": "image/jpeg",
            "url": "Cassel/CAA-I-0017_Cassel_Cassel_aout_1925_007.jpg",
            "file": "CAA-I-0017_Cassel_Cassel_aout_1925_007.jpg"
        },
        "dublincore": {
            "title": "Vue d'intérieur",
            "creator": [
                "DESCAMPS Henri",
                "attribué à"
            ],
            "subject": "Reims, groupe",
            "description": "Vue d'intérieur, salon",
            "publisher": "SM-GP",
            "format": "image/jpeg",
            "rights": "Sous licence Creative Commons CC BY NC ND\n",
            "identifier": "oai:nemateria.net/1612621778604",
            "date": 1612621778604
        },
        "nemateria": {
            "document": {
                "identifiant_unique": "CAA-I-0017",
                "sourceFile": "/var/www/html/collections/Cassel/CAA-I-0017_Cassel_Cassel_aout_1925_007.jpg",
                "URL": "Cassel/CAA-I-0017_Cassel_Cassel_aout_1925_007.jpg",
                "date_creation_original": "01/09/1930",
                "nature_support_original": "Photographie",
                "conservateur_fichiers": "Fonds Gérard Perrier",
                "detenteur_droits": "Fonds Gérard Perrier",
                "date_numerisation": "01/01/2001",
                "conditions_acces": "Creative Commons"
            },
            "collection": {
                "nom_collection": "Cassel",
                "qui_numerise": "Gérard Perrier",
                "proprietaire_originaux": "Fonds Gérard Perrier",
                "conservateur_originaux": "Fonds Gérard Perrier",
                "conservateur_fichiers": "Fonds Gérard Perrier",
                "detenteur_droits": "Fonds Gérard Perrier",
                "gestionnaire_collection": "Fonds Gérard Perrier",
                "fonds": "Gérard Perrier"
            },
            "participants": {
                "participants": "Gérard Perrier (numérisation, édition), Sabine Millecamp (recueil)",
                "editeur_site": "Gérald Abbadie",
                "editeur_oeuvre_source": "Gérard Perrier"
            },
            "serie": {
                "serie": "01 - ",
                "ordre_serie": 0
            }
        },
        "idnotices": "601eb9c5fb52c91f1f1f47da"
    },
    {
        "media": {
            "ImageHeight": 3798,
            "ImageSize": "675x657",
            "ImageWidth": 3903,
            "Format": "image/jpeg",
            "url": "Cassel/CAA-I-0007_Cassel_008.jpg",
            "file": "CAA-I-0007_Cassel_008.jpg"
        },
        "dublincore": {
            "title": "Cassel",
            "creator": [
                "DESCAMPS Henri",
                "attribué à"
            ],
            "description": "Cassel",
            "publisher": "SM-GP",
            "format": "image/jpeg",
            "rights": "Sous licence Creative Commons CC BY NC ND\n",
            "identifier": "oai:nemateria.net/1612621778605",
            "date": 1612621778605
        },
        "nemateria": {
            "document": {
                "identifiant_unique": "CAA-I-0007",
                "sourceFile": "/var/www/html/collections/Cassel/CAA-I-0007_Cassel_008.jpg",
                "URL": "Cassel/CAA-I-0007_Cassel_008.jpg",
                "date_creation_original": "01/09/1930",
                "nature_support_original": "Photographie",
                "conservateur_fichiers": "Fonds Gérard Perrier",
                "detenteur_droits": "Fonds Gérard Perrier",
                "date_numerisation": "01/01/2001",
                "conditions_acces": "Creative Commons"
            },
            "collection": {
                "nom_collection": "Cassel",
                "qui_numerise": "Gérard Perrier",
                "proprietaire_originaux": "Fonds Gérard Perrier",
                "conservateur_originaux": "Fonds Gérard Perrier",
                "conservateur_fichiers": "Fonds Gérard Perrier",
                "detenteur_droits": "Fonds Gérard Perrier",
                "gestionnaire_collection": "Fonds Gérard Perrier",
                "fonds": "Gérard Perrier"
            },
            "participants": {
                "participants": "Gérard Perrier (numérisation, édition), Sabine Millecamp (recueil)",
                "editeur_site": "Gérald Abbadie",
                "editeur_oeuvre_source": "Gérard Perrier"
            },
            "serie": {
                "serie": "01 - ",
                "ordre_serie": 0
            }
        },
        "idnotices": "601eb9c5fb52c91f1f1f47db"
    },
    {
        "media": {
            "ImageHeight": 2720,
            "ImageSize": "675x657",
            "ImageWidth": 2796,
            "Format": "image/jpeg",
            "url": "Cassel/CAA-I-0078_Normandie_Cassel_1931_005.jpg",
            "file": "CAA-I-0078_Normandie_Cassel_1931_005.jpg"
        },
        "dublincore": {
            "title": "Le manoir d'Ango",
            "creator": [
                "DESCAMPS Henri",
                "attribué à"
            ],
            "subject": [
                "manoir",
                "Ango",
                "Varengeville",
                "Normandie"
            ],
            "description": "Le manoir d'Ango à Varengeville en Normandie édifier par des artistes italiens de 1530 à 1544 édifier par des artistes italiens de 1530 à 1544 pour Jean Ango, armateur, gouverneur de Dieppe et conseiller maritime de François Ier.",
            "publisher": "SM-GP",
            "format": "image/jpeg",
            "rights": "Sous licence Creative Commons CC BY NC ND\n",
            "identifier": "oai:nemateria.net/1612621778605",
            "date": 1612621778605
        },
        "nemateria": {
            "document": {
                "identifiant_unique": "CAA-I-0078",
                "sourceFile": "/var/www/html/collections/Cassel/CAA-I-0078_Normandie_Cassel_1931_005.jpg",
                "URL": "Cassel/CAA-I-0078_Normandie_Cassel_1931_005.jpg",
                "date_creation_original": "01/09/1930",
                "nature_support_original": "Photographie",
                "conservateur_fichiers": "Fonds Gérard Perrier",
                "detenteur_droits": "Fonds Gérard Perrier",
                "date_numerisation": "01/01/2001",
                "conditions_acces": "Creative Commons"
            },
            "collection": {
                "nom_collection": "Cassel",
                "qui_numerise": "Gérard Perrier",
                "proprietaire_originaux": "Fonds Gérard Perrier",
                "conservateur_originaux": "Fonds Gérard Perrier",
                "conservateur_fichiers": "Fonds Gérard Perrier",
                "detenteur_droits": "Fonds Gérard Perrier",
                "gestionnaire_collection": "Fonds Gérard Perrier",
                "fonds": "Gérard Perrier"
            },
            "participants": {
                "participants": "Gérard Perrier (numérisation, édition), Sabine Millecamp (recueil)",
                "editeur_site": "Gérald Abbadie",
                "editeur_oeuvre_source": "Gérard Perrier"
            },
            "serie": {
                "serie": "01 - ",
                "ordre_serie": 0
            }
        },
        "idnotices": "601eb9c5fb52c91f1f1f47dc"
    },
    {
        "media": {
            "ImageHeight": 2811,
            "ImageSize": "675x675",
            "ImageWidth": 2811,
            "Format": "image/jpeg",
            "url": "Cassel/CAA-I-0069_Defiles_20_juillet_1930_016.jpg",
            "file": "CAA-I-0069_Defiles_20_juillet_1930_016.jpg"
        },
        "dublincore": {
            "title": "Fêtes de Bruges",
            "creator": [
                "DESCAMPS Henri",
                "attribué à"
            ],
            "subject": [
                "Bruges",
                "procession",
                "Saint Sang",
                "fête costumée",
                "défillé"
            ],
            "description": "Défilé en costumes médiévaux, probablement lors de la fête du Saint Sang, à Bruges en 1930",
            "publisher": "SM-GP",
            "format": "image/jpeg",
            "rights": "Sous licence Creative Commons CC BY NC ND\n",
            "identifier": "oai:nemateria.net/1612621778606",
            "date": 1612621778606
        },
        "nemateria": {
            "document": {
                "identifiant_unique": "CAA-I-0069",
                "sourceFile": "/var/www/html/collections/Cassel/CAA-I-0069_Defiles_20_juillet_1930_016.jpg",
                "URL": "Cassel/CAA-I-0069_Defiles_20_juillet_1930_016.jpg",
                "date_creation_original": "01/09/1930",
                "nature_support_original": "Photographie",
                "conservateur_fichiers": "Fonds Gérard Perrier",
                "detenteur_droits": "Fonds Gérard Perrier",
                "date_numerisation": "01/01/2001",
                "conditions_acces": "Creative Commons"
            },
            "collection": {
                "nom_collection": "Cassel",
                "qui_numerise": "Gérard Perrier",
                "proprietaire_originaux": "Fonds Gérard Perrier",
                "conservateur_originaux": "Fonds Gérard Perrier",
                "conservateur_fichiers": "Fonds Gérard Perrier",
                "detenteur_droits": "Fonds Gérard Perrier",
                "gestionnaire_collection": "Fonds Gérard Perrier",
                "fonds": "Gérard Perrier"
            },
            "participants": {
                "participants": "Gérard Perrier (numérisation, édition), Sabine Millecamp (recueil)",
                "editeur_site": "Gérald Abbadie",
                "editeur_oeuvre_source": "Gérard Perrier"
            },
            "serie": {
                "serie": "01 - ",
                "ordre_serie": 0
            }
        },
        "idnotices": "601eb9c5fb52c91f1f1f47dd"
    },
    {
        "media": {
            "ImageHeight": 2811,
            "ImageSize": "675x675",
            "ImageWidth": 2811,
            "Format": "image/jpeg",
            "url": "Cassel/CAA-I-0065_Defiles_20_juillet_1930_012.jpg",
            "file": "CAA-I-0065_Defiles_20_juillet_1930_012.jpg"
        },
        "dublincore": {
            "title": "Fête médiévale de Cassel",
            "creator": [
                "DESCAMPS Henri",
                "attribué à"
            ],
            "subject": [
                "Cassel",
                "procession",
                "fête costumée",
                "défillé",
                "confrérie",
                "archers"
            ],
            "description": "La confrérie des archers lors de la fête médiévale de Cassel le 20 juillet 1930.",
            "publisher": "SM-GP",
            "format": "image/jpeg",
            "rights": "Sous licence Creative Commons CC BY NC ND\n",
            "identifier": "oai:nemateria.net/1612621778606",
            "date": 1612621778606
        },
        "nemateria": {
            "document": {
                "identifiant_unique": "CAA-I-0065",
                "sourceFile": "/var/www/html/collections/Cassel/CAA-I-0065_Defiles_20_juillet_1930_012.jpg",
                "URL": "Cassel/CAA-I-0065_Defiles_20_juillet_1930_012.jpg",
                "date_creation_original": "01/09/1930",
                "nature_support_original": "Photographie",
                "conservateur_fichiers": "Fonds Gérard Perrier",
                "detenteur_droits": "Fonds Gérard Perrier",
                "date_numerisation": "01/01/2001",
                "conditions_acces": "Creative Commons"
            },
            "collection": {
                "nom_collection": "Cassel",
                "qui_numerise": "Gérard Perrier",
                "proprietaire_originaux": "Fonds Gérard Perrier",
                "conservateur_originaux": "Fonds Gérard Perrier",
                "conservateur_fichiers": "Fonds Gérard Perrier",
                "detenteur_droits": "Fonds Gérard Perrier",
                "gestionnaire_collection": "Fonds Gérard Perrier",
                "fonds": "Gérard Perrier"
            },
            "participants": {
                "participants": "Gérard Perrier (numérisation, édition), Sabine Millecamp (recueil)",
                "editeur_site": "Gérald Abbadie",
                "editeur_oeuvre_source": "Gérard Perrier"
            },
            "serie": {
                "serie": "01 - ",
                "ordre_serie": 0
            }
        },
        "idnotices": "601eb9c5fb52c91f1f1f47de"
    },
    {
        "media": {
            "ImageHeight": 2811,
            "ImageSize": "675x675",
            "ImageWidth": 2811,
            "Format": "image/jpeg",
            "url": "Cassel/CAA-I-0058_Defiles_20_juillet_1930_005.jpg",
            "file": "CAA-I-0058_Defiles_20_juillet_1930_005.jpg"
        },
        "dublincore": {
            "title": "Fête médiévale de Cassel",
            "creator": [
                "DESCAMPS Henri",
                "attribué à"
            ],
            "subject": [
                "Cassel",
                "défilé",
                "fête costumée"
            ],
            "description": "Fête médiévale de Cassel le 20 juillet 1930",
            "publisher": "SM-GP",
            "format": "image/jpeg",
            "rights": "Sous licence Creative Commons CC BY NC ND\n",
            "identifier": "oai:nemateria.net/1612621778607",
            "date": 1612621778607
        },
        "nemateria": {
            "document": {
                "identifiant_unique": "CAA-I-0058",
                "sourceFile": "/var/www/html/collections/Cassel/CAA-I-0058_Defiles_20_juillet_1930_005.jpg",
                "URL": "Cassel/CAA-I-0058_Defiles_20_juillet_1930_005.jpg",
                "date_creation_original": "01/09/1930",
                "nature_support_original": "Photographie",
                "conservateur_fichiers": "Fonds Gérard Perrier",
                "detenteur_droits": "Fonds Gérard Perrier",
                "date_numerisation": "01/01/2001",
                "conditions_acces": "Creative Commons"
            },
            "collection": {
                "nom_collection": "Cassel",
                "qui_numerise": "Gérard Perrier",
                "proprietaire_originaux": "Fonds Gérard Perrier",
                "conservateur_originaux": "Fonds Gérard Perrier",
                "conservateur_fichiers": "Fonds Gérard Perrier",
                "detenteur_droits": "Fonds Gérard Perrier",
                "gestionnaire_collection": "Fonds Gérard Perrier",
                "fonds": "Gérard Perrier"
            },
            "participants": {
                "participants": "Gérard Perrier (numérisation, édition), Sabine Millecamp (recueil)",
                "editeur_site": "Gérald Abbadie",
                "editeur_oeuvre_source": "Gérard Perrier"
            },
            "serie": {
                "serie": "01 - ",
                "ordre_serie": 0
            }
        },
        "idnotices": "601eb9c5fb52c91f1f1f47df"
    },
    {
        "media": {
            "ImageHeight": 2788,
            "ImageSize": "675x640",
            "ImageWidth": 2941,
            "Format": "image/jpeg",
            "url": "Cassel/CAA-I-0026_Nuremberg_1933-004.jpg",
            "file": "CAA-I-0026_Nuremberg_1933-004.jpg"
        },
        "dublincore": {
            "title": "Nuremberg",
            "creator": [
                "DESCAMPS Henri",
                "attribué à"
            ],
            "subject": "Nuremberg",
            "description": "Nuremberg",
            "publisher": "SM-GP",
            "format": "image/jpeg",
            "rights": "Sous licence Creative Commons CC BY NC ND\n",
            "identifier": "oai:nemateria.net/1612621778607",
            "date": 1612621778607
        },
        "nemateria": {
            "document": {
                "identifiant_unique": "CAA-I-0026",
                "sourceFile": "/var/www/html/collections/Cassel/CAA-I-0026_Nuremberg_1933-004.jpg",
                "URL": "Cassel/CAA-I-0026_Nuremberg_1933-004.jpg",
                "date_creation_original": "01/09/1930",
                "nature_support_original": "Photographie",
                "conservateur_fichiers": "Fonds Gérard Perrier",
                "detenteur_droits": "Fonds Gérard Perrier",
                "date_numerisation": "01/01/2001",
                "conditions_acces": "Creative Commons"
            },
            "collection": {
                "nom_collection": "Cassel",
                "qui_numerise": "Gérard Perrier",
                "proprietaire_originaux": "Fonds Gérard Perrier",
                "conservateur_originaux": "Fonds Gérard Perrier",
                "conservateur_fichiers": "Fonds Gérard Perrier",
                "detenteur_droits": "Fonds Gérard Perrier",
                "gestionnaire_collection": "Fonds Gérard Perrier",
                "fonds": "Gérard Perrier"
            },
            "participants": {
                "participants": "Gérard Perrier (numérisation, édition), Sabine Millecamp (recueil)",
                "editeur_site": "Gérald Abbadie",
                "editeur_oeuvre_source": "Gérard Perrier"
            },
            "serie": {
                "serie": "01 - ",
                "ordre_serie": 0
            }
        },
        "idnotices": "601eb9c5fb52c91f1f1f47e0"
    },
    {
        "media": {
            "ImageHeight": 4217,
            "ImageSize": "675x646",
            "ImageWidth": 4408,
            "Format": "image/jpeg",
            "url": "Cassel/CAA-I-0005_Cassel_Cassel_aout_1925_006.jpg",
            "file": "CAA-I-0005_Cassel_Cassel_aout_1925_006.jpg"
        },
        "dublincore": {
            "title": "Vue d'intérieur",
            "creator": [
                "DESCAMPS Henri",
                "attribué à"
            ],
            "description": "Vue d'intérieur",
            "publisher": "SM-GP",
            "format": "image/jpeg",
            "rights": "Sous licence Creative Commons CC BY NC ND\n",
            "identifier": "oai:nemateria.net/1612621778608",
            "date": 1612621778608
        },
        "nemateria": {
            "document": {
                "identifiant_unique": "CAA-I-0005",
                "sourceFile": "/var/www/html/collections/Cassel/CAA-I-0005_Cassel_Cassel_aout_1925_006.jpg",
                "URL": "Cassel/CAA-I-0005_Cassel_Cassel_aout_1925_006.jpg",
                "date_creation_original": "01/09/1930",
                "nature_support_original": "Photographie",
                "conservateur_fichiers": "Fonds Gérard Perrier",
                "detenteur_droits": "Fonds Gérard Perrier",
                "date_numerisation": "01/01/2001",
                "conditions_acces": "Creative Commons"
            },
            "collection": {
                "nom_collection": "Cassel",
                "qui_numerise": "Gérard Perrier",
                "proprietaire_originaux": "Fonds Gérard Perrier",
                "conservateur_originaux": "Fonds Gérard Perrier",
                "conservateur_fichiers": "Fonds Gérard Perrier",
                "detenteur_droits": "Fonds Gérard Perrier",
                "gestionnaire_collection": "Fonds Gérard Perrier",
                "fonds": "Gérard Perrier"
            },
            "participants": {
                "participants": "Gérard Perrier (numérisation, édition), Sabine Millecamp (recueil)",
                "editeur_site": "Gérald Abbadie",
                "editeur_oeuvre_source": "Gérard Perrier"
            },
            "serie": {
                "serie": "01 - ",
                "ordre_serie": 0
            }
        },
        "idnotices": "601eb9c5fb52c91f1f1f47e1"
    },
    {
        "media": {
            "ImageHeight": 2754,
            "ImageSize": "662x675",
            "ImageWidth": 2700,
            "Format": "image/jpeg",
            "url": "Cassel/CAA-I-0010_Villes_nord_001.jpg",
            "file": "CAA-I-0010_Villes_nord_001.jpg"
        },
        "dublincore": {
            "title": "Ville du Nord",
            "creator": [
                "DESCAMPS Henri",
                "attribué à"
            ],
            "subject": [
                "Ville du Nord",
                "place"
            ],
            "description": "Ville du Nord",
            "publisher": "SM-GP",
            "format": "image/jpeg",
            "rights": "Sous licence Creative Commons CC BY NC ND\n",
            "identifier": "oai:nemateria.net/1612621778608",
            "date": 1612621778608
        },
        "nemateria": {
            "document": {
                "identifiant_unique": "CAA-I-0010",
                "sourceFile": "/var/www/html/collections/Cassel/CAA-I-0010_Villes_nord_001.jpg",
                "URL": "Cassel/CAA-I-0010_Villes_nord_001.jpg",
                "date_creation_original": "01/09/1930",
                "nature_support_original": "Photographie",
                "conservateur_fichiers": "Fonds Gérard Perrier",
                "detenteur_droits": "Fonds Gérard Perrier",
                "date_numerisation": "01/01/2001",
                "conditions_acces": "Creative Commons"
            },
            "collection": {
                "nom_collection": "Cassel",
                "qui_numerise": "Gérard Perrier",
                "proprietaire_originaux": "Fonds Gérard Perrier",
                "conservateur_originaux": "Fonds Gérard Perrier",
                "conservateur_fichiers": "Fonds Gérard Perrier",
                "detenteur_droits": "Fonds Gérard Perrier",
                "gestionnaire_collection": "Fonds Gérard Perrier",
                "fonds": "Gérard Perrier"
            },
            "participants": {
                "participants": "Gérard Perrier (numérisation, édition), Sabine Millecamp (recueil)",
                "editeur_site": "Gérald Abbadie",
                "editeur_oeuvre_source": "Gérard Perrier"
            },
            "serie": {
                "serie": "01 - ",
                "ordre_serie": 0
            }
        },
        "idnotices": "601eb9c5fb52c91f1f1f47e2"
    },
    {
        "media": {
            "ImageHeight": 2568,
            "ImageSize": "675x645",
            "ImageWidth": 2689,
            "Format": "image/jpeg",
            "url": "Cassel/CAA-I-0011_Villes_nord_002.jpg",
            "file": "CAA-I-0011_Villes_nord_002.jpg"
        },
        "dublincore": {
            "title": "Ville du Nord",
            "creator": [
                "DESCAMPS Henri",
                "attribué à"
            ],
            "subject": "Ville du Nord",
            "description": "Ville du Nord",
            "publisher": "SM-GP",
            "format": "image/jpeg",
            "rights": "Sous licence Creative Commons CC BY NC ND\n",
            "identifier": "oai:nemateria.net/1612621778608",
            "date": 1612621778608
        },
        "nemateria": {
            "document": {
                "identifiant_unique": "CAA-I-0011",
                "sourceFile": "/var/www/html/collections/Cassel/CAA-I-0011_Villes_nord_002.jpg",
                "URL": "Cassel/CAA-I-0011_Villes_nord_002.jpg",
                "date_creation_original": "01/09/1930",
                "nature_support_original": "Photographie",
                "conservateur_fichiers": "Fonds Gérard Perrier",
                "detenteur_droits": "Fonds Gérard Perrier",
                "date_numerisation": "01/01/2001",
                "conditions_acces": "Creative Commons"
            },
            "collection": {
                "nom_collection": "Cassel",
                "qui_numerise": "Gérard Perrier",
                "proprietaire_originaux": "Fonds Gérard Perrier",
                "conservateur_originaux": "Fonds Gérard Perrier",
                "conservateur_fichiers": "Fonds Gérard Perrier",
                "detenteur_droits": "Fonds Gérard Perrier",
                "gestionnaire_collection": "Fonds Gérard Perrier",
                "fonds": "Gérard Perrier"
            },
            "participants": {
                "participants": "Gérard Perrier (numérisation, édition), Sabine Millecamp (recueil)",
                "editeur_site": "Gérald Abbadie",
                "editeur_oeuvre_source": "Gérard Perrier"
            },
            "serie": {
                "serie": "01 - ",
                "ordre_serie": 0
            }
        },
        "idnotices": "601eb9c5fb52c91f1f1f47e3"
    },
    {
        "media": {
            "ImageHeight": 2811,
            "ImageSize": "675x675",
            "ImageWidth": 2811,
            "Format": "image/jpeg",
            "url": "Cassel/CAA-I-0050_Famille_Cassel_1939_016.jpg",
            "file": "CAA-I-0050_Famille_Cassel_1939_016.jpg"
        },
        "dublincore": {
            "title": "La famille à Cassel",
            "creator": [
                "DESCAMPS Henri ou Gustave",
                "attribué à"
            ],
            "subject": [
                "Descamps",
                "photos de famille",
                "jardin",
                "parc"
            ],
            "description": "Photographies de la famille à Cassel dans le parc d'une maison, à l'occasion d'une réunion ou d'un événement famillial.",
            "publisher": "SM-GP",
            "format": "image/jpeg",
            "rights": "Sous licence Creative Commons CC BY NC ND\n",
            "identifier": "oai:nemateria.net/1612621778609",
            "date": 1612621778609
        },
        "nemateria": {
            "document": {
                "identifiant_unique": "CAA-I-0050",
                "sourceFile": "/var/www/html/collections/Cassel/CAA-I-0050_Famille_Cassel_1939_016.jpg",
                "URL": "Cassel/CAA-I-0050_Famille_Cassel_1939_016.jpg",
                "date_creation_original": "01/09/1930",
                "nature_support_original": "Photographie",
                "conservateur_fichiers": "Fonds Gérard Perrier",
                "detenteur_droits": "Fonds Gérard Perrier",
                "date_numerisation": "01/01/2001",
                "conditions_acces": "Creative Commons"
            },
            "collection": {
                "nom_collection": "Cassel",
                "qui_numerise": "Gérard Perrier",
                "proprietaire_originaux": "Fonds Gérard Perrier",
                "conservateur_originaux": "Fonds Gérard Perrier",
                "conservateur_fichiers": "Fonds Gérard Perrier",
                "detenteur_droits": "Fonds Gérard Perrier",
                "gestionnaire_collection": "Fonds Gérard Perrier",
                "fonds": "Gérard Perrier"
            },
            "participants": {
                "participants": "Gérard Perrier (numérisation, édition), Sabine Millecamp (recueil)",
                "editeur_site": "Gérald Abbadie",
                "editeur_oeuvre_source": "Gérard Perrier"
            },
            "serie": {
                "serie": "01 - ",
                "ordre_serie": 0
            }
        },
        "idnotices": "601eb9c5fb52c91f1f1f47e4"
    },
    {
        "media": {
            "ImageHeight": 2811,
            "ImageSize": "675x675",
            "ImageWidth": 2811,
            "Format": "image/jpeg",
            "url": "Cassel/CAA-I-0066_Defiles_20_juillet_1930_013.jpg",
            "file": "CAA-I-0066_Defiles_20_juillet_1930_013.jpg"
        },
        "dublincore": {
            "title": "Fêtes de Bruges",
            "creator": [
                "DESCAMPS Henri",
                "attribué à"
            ],
            "subject": [
                "Bruges",
                "procession",
                "Saint Sang",
                "fête costumée",
                "défillé"
            ],
            "description": "Défilé en costumes médiévaux, probablement lors de la fête du Saint Sang, à Bruges en 1930",
            "publisher": "SM-GP",
            "format": "image/jpeg",
            "rights": "Sous licence Creative Commons CC BY NC ND\n",
            "identifier": "oai:nemateria.net/1612621778610",
            "date": 1612621778610
        },
        "nemateria": {
            "document": {
                "identifiant_unique": "CAA-I-0066",
                "sourceFile": "/var/www/html/collections/Cassel/CAA-I-0066_Defiles_20_juillet_1930_013.jpg",
                "URL": "Cassel/CAA-I-0066_Defiles_20_juillet_1930_013.jpg",
                "date_creation_original": "01/09/1930",
                "nature_support_original": "Photographie",
                "conservateur_fichiers": "Fonds Gérard Perrier",
                "detenteur_droits": "Fonds Gérard Perrier",
                "date_numerisation": "01/01/2001",
                "conditions_acces": "Creative Commons"
            },
            "collection": {
                "nom_collection": "Cassel",
                "qui_numerise": "Gérard Perrier",
                "proprietaire_originaux": "Fonds Gérard Perrier",
                "conservateur_originaux": "Fonds Gérard Perrier",
                "conservateur_fichiers": "Fonds Gérard Perrier",
                "detenteur_droits": "Fonds Gérard Perrier",
                "gestionnaire_collection": "Fonds Gérard Perrier",
                "fonds": "Gérard Perrier"
            },
            "participants": {
                "participants": "Gérard Perrier (numérisation, édition), Sabine Millecamp (recueil)",
                "editeur_site": "Gérald Abbadie",
                "editeur_oeuvre_source": "Gérard Perrier"
            },
            "serie": {
                "serie": "01 - ",
                "ordre_serie": 0
            }
        },
        "idnotices": "601eb9c5fb52c91f1f1f47e5"
    }
]